"oslaua","A_n","B_n","C_n","D_n","E_n","F_n","G_n","number_of_epcs","A_pct","B_pct","C_pct","D_pct","E_pct","F_pct","G_pct","ABC_n","ABC_pct","DEFG_n","DEFG_pct"
"E06000001",170,5299,13891,16618,4526,744,214,41462,0.00410013988712556,0.127803772128696,0.335029665718007,0.400800733201486,0.109160194877237,0.0179441416236554,0.00516135256379335,19360,0.466933577733829,22102,0.533066422266172
"E06000002",148,7090,21002,22898,6750,922,296,59106,0.00250397590769127,0.119953980983318,0.355327716306297,0.387405677934558,0.114201603898081,0.0155990931546713,0.00500795181538253,28240,0.477785673197307,30866,0.522214326802693
"E06000003",158,5859,15902,20880,7145,1352,399,51695,0.00305638843215011,0.113337846987136,0.3076119547345,0.403907534577812,0.138214527517168,0.026153399748525,0.00771834800270819,21919,0.424006190153787,29776,0.575993809846213
"E06000004",325,9130,27987,30080,7472,1064,260,76318,0.00425849734007705,0.119631017584318,0.366715584789958,0.394140307660054,0.097906129615556,0.0139416651379753,0.00340679787206164,37442,0.490605099714353,38876,0.509394900285647
"E06000005",206,5646,13283,17441,6770,1237,297,44880,0.00459001782531194,0.125802139037433,0.295967023172906,0.388614081996435,0.150846702317291,0.0275623885918004,0.00661764705882353,19135,0.426359180035651,25745,0.573640819964349
"E06000006",168,5514,17900,16568,4340,726,184,45400,0.00370044052863436,0.121453744493392,0.394273127753304,0.364933920704846,0.0955947136563877,0.0159911894273128,0.00405286343612335,23582,0.51942731277533,21818,0.48057268722467
"E06000007",201,9665,32400,31242,7355,1179,302,82344,0.00244097930632469,0.117373457689692,0.393471291168755,0.379408335762168,0.0893204119304382,0.0143179830953075,0.00366754104731371,42266,0.513285728164772,40078,0.486714271835228
"E06000008",185,5405,17801,22286,7740,1562,435,55414,0.0033385065145992,0.0975385281697766,0.321236510629083,0.402172736131663,0.139675894178366,0.0281878225719132,0.00785000180459812,23391,0.422113545313459,32023,0.577886454686541
"E06000009",132,2511,17378,29029,12018,2281,875,64230,0.00205511443250817,0.0390938813638487,0.270558928849447,0.451953915615756,0.187108827650631,0.0355130001556905,0.0136229176397322,20021,0.311707924645804,44203,0.688198661061809
"E06000010",314,8677,40570,49096,11582,1648,625,112512,0.00279081342434585,0.0771206626848692,0.360583759954494,0.436362343572241,0.102940130830489,0.0146473265073948,0.0055549630261661,49561,0.440495236063709,62951,0.559504763936291
"E06000011",682,17953,36959,51542,18897,4676,1477,132186,0.00515939660781021,0.135816198387121,0.27959844461592,0.389920263870607,0.142957650583269,0.0353743966834612,0.0111736492518118,55594,0.420574039610851,76592,0.579425960389149
"E06000012",138,4989,18220,28197,8623,1271,410,61848,0.00223127667830811,0.0806655025223128,0.294593196222998,0.455908032596042,0.139422455051093,0.0205503815806493,0.00662915534859656,23347,0.377489975423619,38501,0.622510024576381
"E06000013",244,5054,19692,24918,8011,1716,470,60105,0.00405956243240995,0.0840861825139339,0.327626653356626,0.41457449463439,0.133283420680476,0.0285500374344896,0.0078196489476749,24990,0.41577239830297,35115,0.58422760169703
"E06000014",394,6550,25793,31901,7598,1105,298,73639,0.00535042572549872,0.088947432746235,0.350262768370021,0.433207946875976,0.103179021985633,0.0150056356007007,0.00404676869593558,32737,0.444560626841755,40902,0.555439373158245
"E06000015",235,9521,31012,38872,15071,2403,478,97592,0.002407984261005,0.0975592261660792,0.31777194852037,0.398311336994836,0.154428641691942,0.0246229199114682,0.00489794245429953,40768,0.417739158947455,56824,0.582260841052545
"E06000016",769,10589,39513,51794,20935,3100,634,127334,0.00603923539667332,0.0831592504751284,0.310309893665478,0.406757032685693,0.164410133978356,0.024345422275276,0.00497903152339517,50871,0.39950837953728,76463,0.60049162046272
"E06000017",35,2253,4137,5297,2256,614,154,14746,0.00237352502373525,0.152787196527872,0.280550657805507,0.359216058592161,0.152990641529906,0.0416384104163841,0.0104435101044351,6425,0.435711379357114,8321,0.564288620642886
"E06000018",850,13072,52259,54704,19169,2934,527,143516,0.00592268457872293,0.0910839209565484,0.364133615764096,0.381170043758187,0.133566989046517,0.0204437135929095,0.00367206443880822,66181,0.461140221299367,77334,0.538852810836422
"E06000019",630,7762,19736,24342,12216,4262,1606,70554,0.00892933072540182,0.110015023953284,0.279729001899254,0.345012330980526,0.173143974827791,0.060407631034385,0.0227627065793577,28128,0.39867335657794,42426,0.60132664342206
"E06000020",525,14945,26831,22917,5321,949,239,71727,0.00731941946547325,0.208359474117139,0.374071130815453,0.31950311598143,0.0741840590014918,0.0132307220433031,0.00333207857571068,42301,0.589750024398065,29426,0.410249975601935
"E06000021",179,8024,30554,43291,12917,1907,565,97437,0.00183708447509673,0.082350647084783,0.313576977944723,0.44429734084588,0.132567710418014,0.0195716206369244,0.00579861859457906,38757,0.397764709504603,58680,0.602235290495397
"E06000022",277,9675,22906,27564,10880,2242,537,74081,0.00373915038943859,0.13060028887299,0.309202089604622,0.372079210593809,0.146866268003942,0.0302641703000769,0.00724882223512102,32858,0.443541528867051,41223,0.556458471132949
"E06000023",758,20696,63802,70322,24363,3872,877,184690,0.00410417456278088,0.112058043207537,0.345454545454545,0.380756944068439,0.131912935188695,0.0209648600357356,0.00474849748226758,85256,0.461616763224863,99434,0.538383236775137
"E06000024",1358,12136,29258,29369,10687,2225,558,85591,0.0158661541517216,0.141790608825694,0.341835006016988,0.343131871341613,0.124861258777208,0.0259957238494702,0.00651937703730532,42752,0.499491768994404,42839,0.500508231005596
"E06000025",1554,18957,32292,33741,11206,2243,489,100482,0.0154654564996716,0.188660655639816,0.32137099181943,0.335791485042097,0.11152246173444,0.0223224060030652,0.00486654326147967,52803,0.525497103958918,47679,0.474502896041082
"E06000026",563,12280,38270,41524,11471,1998,631,106737,0.00527464702961485,0.11504913947366,0.358544834499752,0.389030982695785,0.107469762125598,0.0187189072205514,0.00591172695503902,51113,0.478868621003026,55624,0.521131378996974
"E06000027",83,4695,17428,24485,9321,1884,611,58507,0.00141863366776625,0.0802468080742475,0.297878886287111,0.418496931991044,0.15931427008734,0.0322012750611038,0.0104431948313877,22206,0.379544328029125,36301,0.620455671970875
"E06000030",474,13241,33913,28712,6961,915,228,84444,0.00561318743782862,0.1568021410639,0.401603429491734,0.340012315854294,0.0824333285964663,0.0108355833451755,0.00270001421060111,47628,0.564018757993463,36816,0.435981242006537
"E06000031",512,15647,34625,25729,8248,1154,252,86167,0.00594194993442965,0.181589239500041,0.401835969686771,0.298594589576056,0.0957210997249527,0.0133925980943981,0.0029245534833521,50784,0.589367159121241,35383,0.410632840878759
"E06000032",116,6151,24929,29157,10469,1289,250,72361,0.00160307347880765,0.0850043531736709,0.344508782355136,0.402938046737884,0.14467738146239,0.0178134630533022,0.00345489973880958,31196,0.431116209007615,41165,0.568883790992385
"E06000033",87,4352,18192,30552,14456,2405,454,70498,0.00123407756248404,0.0617322477233397,0.258049873755284,0.433373996425431,0.205055462566314,0.0341144429629209,0.00643989900422707,22631,0.321016199041108,47867,0.678983800958892
"E06000034",298,7104,20260,23388,6099,850,199,58198,0.0051204508746005,0.122066050379738,0.348121928588611,0.401869480050861,0.104797415718753,0.0146053128973504,0.00341936149008557,27662,0.47530842984295,30536,0.52469157015705
"E06000035",105,11593,35401,40899,11162,1668,527,101355,0.00103596270534261,0.114380148981303,0.34927729268413,0.403522273198165,0.110127768733659,0.0164570075477283,0.00519954614967195,47099,0.464693404370776,54256,0.535306595629224
"E06000036",561,8076,18235,16215,3293,453,97,46930,0.0119539740038355,0.172086085659493,0.388557425953548,0.345514596207117,0.0701683358193053,0.00965267419561048,0.00206690816109099,26872,0.572597485616876,20058,0.427402514383124
"E06000037",174,6491,20009,21036,7916,1921,440,57987,0.00300067256454033,0.111938882853053,0.345060099677514,0.362770965906151,0.136513356441961,0.0331281149223102,0.00758790763446979,26674,0.459999655095108,31313,0.540000344904892
"E06000038",152,10137,23254,25607,8006,1092,316,68564,0.00221690683157342,0.147847266787235,0.339157575404002,0.373475876553293,0.116766816405111,0.0159267253952512,0.00460883262353422,33543,0.489221749022811,35021,0.510778250977189
"E06000039",98,6213,20757,17983,4559,558,154,50322,0.00194745836810938,0.123464886133302,0.412483605580064,0.35735861054807,0.0905965581654147,0.0110885894837248,0.00306029172131473,27068,0.537895950081475,23254,0.462104049918525
"E06000040",127,6678,18475,20234,7869,1445,275,55103,0.00230477469466272,0.121191223708328,0.335281200660581,0.367203237573272,0.142805291907882,0.026223617588879,0.00499065386639566,25280,0.458777199063572,29823,0.541222800936428
"E06000041",309,12125,19958,21070,5520,807,152,59941,0.00515506915133214,0.202282244206803,0.33296074473232,0.351512320448441,0.0920905557131179,0.0134632388515373,0.00253582689644817,32392,0.540398058090456,27549,0.459601941909544
"E06000042",1427,26550,44581,34274,6810,903,194,114739,0.0124369220578879,0.231394730649561,0.388542692545691,0.29871273063213,0.0593520947541812,0.00787003547180993,0.00169079388873879,72558,0.63237434525314,42181,0.36762565474686
"E06000043",215,9106,43413,49073,16321,2281,675,121084,0.00177562683756731,0.0752039906180833,0.358536222787486,0.40528063162763,0.134790723795051,0.0188381619371676,0.00557464239701364,52734,0.435515840243137,68350,0.564484159756863
"E06000044",83,5925,31025,36195,9438,1518,504,84688,0.000980068014358587,0.0699626865671642,0.366344700547893,0.427392310598904,0.111444360476101,0.017924617419233,0.00595125637634612,37033,0.437287455129416,47655,0.562712544870584
"E06000045",132,11239,37119,37334,12105,2877,764,101570,0.00129959633750123,0.11065275179679,0.365452397361426,0.367569164123265,0.119178891404942,0.0283252929014473,0.00752190607462833,48490,0.477404745495717,53080,0.522595254504283
"E06000046",245,5981,19808,22165,9848,2591,864,61502,0.00398361028909629,0.0972488699554486,0.322070826964977,0.360394783909466,0.160124873987838,0.0421287112614224,0.0140483236317518,26034,0.423303307209522,35468,0.576696692790478
"E06000047",1026,21646,79958,89143,22764,4402,1351,220290,0.00465749693585728,0.0982613827227745,0.362966998048028,0.404662036406555,0.103336510962822,0.0199827500113487,0.00613282491261519,102630,0.465885877706659,117660,0.534114122293341
"E06000049",785,26061,43550,59351,19550,4477,1295,155069,0.00506226260567876,0.168060669766362,0.280842721627147,0.382739296700179,0.126072909479006,0.028871018707801,0.00835112111382675,70396,0.453965653999187,84673,0.546034346000813
"E06000050",669,20493,40626,47686,15120,3379,946,128919,0.00518930491238685,0.158960277383473,0.315128103693017,0.369891171976202,0.117282945105066,0.0262102560522499,0.00733794087760532,61788,0.479277685988877,67131,0.520722314011123
"E06000051",766,16146,33922,41646,18784,6369,2537,120170,0.00637430307064991,0.134359657152367,0.282283431804943,0.346559041358076,0.15631189148706,0.0529999167845552,0.0211117583423483,50834,0.42301739202796,69336,0.57698260797204
"E06000052",2211,30768,62845,72843,46685,19757,7955,243064,0.00909636968041339,0.126583944969226,0.258553302833822,0.299686502320377,0.192068755554093,0.0812831188493565,0.032728005792713,95824,0.394233617483461,147240,0.605766382516539
"E06000053",3,31,104,251,265,194,149,997,0.00300902708124373,0.0310932798395186,0.104312938816449,0.251755265797392,0.26579739217653,0.194583751253761,0.149448345035105,138,0.138415245737212,859,0.861584754262788
"E06000054",1176,29985,59942,63937,25996,6651,1581,189268,0.00621341167022423,0.158426147050743,0.316704355728385,0.337811991461842,0.137350212397236,0.0351406471247121,0.00835323456685758,91103,0.481343914449352,98165,0.518656085550648
"E06000055",305,13702,24171,21351,7754,1462,321,69066,0.00441606579214085,0.198389945848898,0.349969594301103,0.309139084354096,0.112269423450033,0.021168157993803,0.00464772825992529,38178,0.552775605942142,30888,0.447224394057858
"E06000056",732,24917,37898,36972,10647,1933,442,113541,0.00644701033106983,0.219453765600092,0.333782510282629,0.325626866066003,0.0937722937088805,0.0170246871174289,0.00389286689389736,63547,0.559683286213791,49994,0.440316713786209
"E06000057",677,15581,41884,45293,16969,5071,1558,127033,0.00532932387647304,0.122653168861634,0.329709603016539,0.356545149685515,0.133579463603945,0.0399187612667575,0.0122645296891359,58142,0.457692095754646,68891,0.542307904245354
"E06000058",562,18089,60434,62899,20114,3300,704,166102,0.00338346317323091,0.108902963239455,0.363836678667325,0.378676957532119,0.121094267377876,0.0198673104477971,0.00423835956219672,79085,0.476123105080011,87017,0.523876894919989
"E06000059",713,19023,47107,52536,21026,5669,1715,147789,0.00482444566239707,0.128717292897306,0.318744967487431,0.355479771836876,0.142270399014812,0.0383587411783015,0.0116043819228765,66843,0.452286706047135,80946,0.547713293952865
"E06000060",747,31012,69364,72113,26879,6007,1326,207448,0.00360090239481701,0.149492884963943,0.334368130808685,0.347619644441017,0.129569819906675,0.0289566541976785,0.00639196328718522,101123,0.487461918167444,106325,0.512538081832556
"E06000061",963,24355,45610,45917,14590,2716,650,134801,0.00714386391792346,0.180673733874378,0.338350605707673,0.340628036883999,0.108233618444967,0.0201482184850261,0.00482192268603349,70928,0.526168203499974,63873,0.473831796500026
"E06000062",668,27152,52394,55491,17797,3785,864,158157,0.00422365118205328,0.171677510322022,0.331278413222304,0.350860221172632,0.112527425279943,0.0239319157545983,0.00546292607978148,80214,0.50717957472638,77937,0.492782488286955
"E06000063",352,11772,28966,43160,15777,5059,1915,107001,0.00328968888141232,0.110017663386323,0.270707750394856,0.403360716254988,0.147447220119438,0.0472799319632527,0.017897028999729,41090,0.384015102662592,65911,0.615984897337408
"E06000064",514,8153,23750,36707,17388,6582,2133,95227,0.00539762882375797,0.0856164743192582,0.249404055572474,0.385468407069424,0.182595272349229,0.0691190523696011,0.0223991094962563,32417,0.34041815871549,62810,0.65958184128451
"E06000065",1538,32754,66875,94425,41318,12684,4043,253637,0.00606378406935897,0.129137310408182,0.263664213028856,0.37228401219065,0.162902100245627,0.0500084766812413,0.0159401033760847,101167,0.398865307506397,152470,0.601134692493603
"E06000066",1307,33034,72177,76005,33454,10349,3043,229370,0.00569821685486332,0.144020578105245,0.314674979291102,0.33136417142608,0.145851680690587,0.0451192396564503,0.0132667742076122,106518,0.46439377425121,122851,0.53560186598073
"E07000008",623,11243,18560,16057,5117,666,154,52422,0.011884323375682,0.214471023616039,0.35404982640876,0.306302697340811,0.0976116897485788,0.0127045896760902,0.00293769791308992,30426,0.580405173400481,21994,0.41955667467857
"E07000009",464,5703,10803,11129,4637,1145,242,34123,0.0135978665416288,0.167130674325235,0.316589983295724,0.326143656771093,0.135890748175717,0.0335550801512177,0.00709199073938399,16970,0.497318524162588,17153,0.502681475837412
"E07000010",340,5267,13750,14371,5367,1363,394,40852,0.0083227259375306,0.128928816214628,0.336580828356017,0.35178204249486,0.13137667678449,0.0333643395672183,0.00964457064525605,19357,0.473832370508176,21495,0.526167629491824
"E07000011",361,12069,24162,24450,7339,1547,415,70358,0.00513090195855482,0.171536996503596,0.343415105602774,0.347508456749765,0.104309389124193,0.0219875493902612,0.00589840529861565,36592,0.520083004064925,33751,0.479703800562836
"E07000012",1490,13945,18470,18353,6915,1729,338,61240,0.0243305029392554,0.227710646636186,0.301600261267146,0.299689745264533,0.11291639451339,0.0282331809274984,0.00551926845199216,33905,0.553641410842587,27335,0.446358589157413
"E07000032",426,6344,13213,18650,7159,1596,387,47775,0.00891679748822606,0.132789115646259,0.276567242281528,0.390371533228676,0.149848246991104,0.0334065934065934,0.00810047095761381,19983,0.418273155416013,27792,0.581726844583987
"E07000033",147,4775,12092,12095,4180,766,194,34249,0.00429209611959473,0.139420129054863,0.35306140325265,0.353148997051009,0.122047359046979,0.0223656165143508,0.00566439896055359,17014,0.496773628427107,17235,0.503226371572893
"E07000034",166,3518,14279,18194,4782,643,124,41706,0.00398024265093751,0.0843523713614348,0.342372800076728,0.436244185488898,0.114659761185441,0.0154174459310411,0.00297319330551959,17963,0.4307054140891,23743,0.5692945859109
"E07000035",190,3248,6679,9993,5273,1703,544,27630,0.00687658342381469,0.117553384002895,0.241730003619254,0.361672095548317,0.190843286283026,0.0616359030039812,0.0196887441187115,10117,0.366159971045965,17513,0.633840028954035
"E07000036",112,2768,12932,16776,6967,1437,282,41274,0.00271357270921161,0.0670640112419441,0.313320734602898,0.406454426515482,0.168798759509619,0.0348161069922954,0.00683238842855066,15812,0.383098318554053,25462,0.616901681445947
"E07000037",72,3554,9818,13121,4437,939,252,32193,0.00223651104277327,0.110396670083559,0.304973130804833,0.407573074892057,0.137824993010903,0.0291678315161681,0.00782778864970646,13444,0.417606311931165,18749,0.582393688068835
"E07000038",158,5408,9557,15700,4470,938,215,36446,0.004335180815453,0.148383910442847,0.262223563628382,0.430774296219064,0.122647204082753,0.0257367063600944,0.00589913845140756,15123,0.414942654886682,21323,0.585057345113318
"E07000039",210,11456,12557,12790,4326,969,243,42551,0.00493525416558953,0.269229865338065,0.295104697891941,0.300580479894715,0.101666235811144,0.0227726727926488,0.00571079410589645,24223,0.569269817395596,18328,0.430730182604404
"E07000040",370,11517,17344,21703,9186,2581,827,63528,0.00582420350081854,0.181290139780884,0.273013474373505,0.341628888049364,0.144597657725727,0.040627754690845,0.0130178818788566,29231,0.460127817655207,34297,0.539872182344793
"E07000041",1171,7317,18098,17505,4867,909,264,50131,0.0233587999441463,0.145957591111288,0.361014142945483,0.34918513494644,0.0970856356346372,0.018132492868684,0.00526620254932078,26586,0.530330534000918,23545,0.469669465999082
"E07000042",320,4375,8716,9537,5094,1965,638,30645,0.0104421602218959,0.142763909283733,0.28441833904389,0.311209006363191,0.166226138032305,0.0641213901125795,0.020819056942405,13411,0.437624408549519,17234,0.562375591450481
"E07000043",461,5399,11461,13729,7040,2330,980,41400,0.0111352657004831,0.130410628019324,0.276835748792271,0.331618357487923,0.170048309178744,0.056280193236715,0.0236714975845411,17321,0.418381642512077,24079,0.581618357487923
"E07000044",584,5448,9348,12934,7464,2893,963,39634,0.0147348236362719,0.137457738305495,0.235858101629914,0.326335974163597,0.188323156885502,0.0729928848968058,0.0242973204824141,15380,0.388050663571681,24254,0.611949336428319
"E07000045",335,7599,14456,19530,7925,2321,779,52945,0.00632732080460856,0.14352630087827,0.273038058362452,0.368873359146284,0.14968363395977,0.0438379450373029,0.0147133818113136,22390,0.42289168004533,30555,0.57710831995467
"E07000046",234,3582,8121,9275,5360,2136,806,29514,0.0079284407399878,0.121366131327506,0.275157552348038,0.314257640441824,0.181608728061259,0.0723724334214271,0.027309073659958,11937,0.404452124415532,17577,0.595547875584468
"E07000047",195,2899,5305,6928,4102,1849,756,22034,0.00884995915403467,0.131569392756649,0.240764273395661,0.314423164200781,0.186166833076155,0.083915766542616,0.0343106108741037,8399,0.381183625306345,13635,0.618816374693655
"E07000061",55,3285,17488,16841,4978,766,223,43636,0.00126042717022642,0.0752818773489779,0.40077000641672,0.385942799523329,0.114080117334311,0.0175543129526079,0.00511045925382712,20828,0.477312310935924,22808,0.522687689064075
"E07000062",53,2716,14619,16962,5624,967,304,41245,0.00128500424293854,0.0658504061098315,0.354442962783368,0.411249848466481,0.136355921929931,0.0234452660928597,0.00737059037459086,17388,0.421578373136138,23857,0.578421626863862
"E07000063",150,4400,12103,14882,5266,1108,279,38188,0.00392793547711323,0.115219440661988,0.316932020530009,0.389703571802661,0.137896721483188,0.0290143500576097,0.00730595998743061,16653,0.436079396669111,21535,0.563920603330889
"E07000064",121,3606,10957,15336,6525,1774,509,38828,0.00311630781909962,0.0928711239311837,0.282193262594004,0.39497270011332,0.168048830740703,0.0456886782734109,0.0131090965282786,14684,0.378180694344288,24144,0.621819305655712
"E07000065",360,9550,15751,20898,8368,2388,639,57954,0.00621182317010042,0.164785864651275,0.271784518756255,0.36059633502433,0.144390378576112,0.0412050936949995,0.0110259861269283,25661,0.442782206577631,32293,0.55721779342237
"E07000066",100,6215,24191,24579,5936,865,150,62036,0.00161196724482559,0.10018376426591,0.389950996195757,0.396205429105681,0.0956863756528467,0.0139435166677413,0.00241795086723838,30506,0.491746727706493,31530,0.508253272293507
"E07000067",167,9348,18619,18700,6970,1673,367,55844,0.00299047346178641,0.16739488575317,0.333410930449108,0.334861399613208,0.124811976219469,0.0299584556980159,0.00657187880524318,28134,0.503796289664064,27710,0.496203710335936
"E07000068",60,2748,9560,11226,4038,693,148,28473,0.00210725950900853,0.0965124855125909,0.335756681768693,0.394268254135497,0.141818564956274,0.0243388473290486,0.00519790678888772,12368,0.434376426790293,16105,0.565623573209707
"E07000069",61,1710,5944,13244,5466,880,156,27461,0.00222133207093696,0.0622701285459379,0.216452423436874,0.482283966352281,0.199045919667893,0.0320454462692546,0.0056807836568224,7715,0.280943884053749,19746,0.719056115946251
"E07000070",258,10382,22193,23061,7531,1573,372,65380,0.00394616090547568,0.158794738452126,0.339446313857449,0.352722545120832,0.115188130926889,0.0240593453655552,0.00568981339859284,32833,0.50218721321505,32537,0.497659834811869
"E07000071",303,12647,26410,23827,7997,1645,346,73175,0.00414075845575675,0.172832251451999,0.360915613255893,0.325616672360779,0.109285958319098,0.0224803553126068,0.00472839084386744,39360,0.537888623163649,33815,0.462111376836351
"E07000072",61,4566,14604,17486,6599,1306,312,44934,0.00135754662393733,0.101615703031112,0.325010014688209,0.389148528953576,0.146859838874794,0.0290648506698714,0.00694351715849913,19231,0.427983264343259,25703,0.572016735656741
"E07000073",109,4616,17587,16176,2670,230,49,41437,0.0026304993122089,0.111398025918865,0.424427444071723,0.390375751140285,0.0644351666385115,0.0055505948789729,0.00118251803943336,22312,0.538455969302797,19125,0.461544030697203
"E07000074",171,3583,5710,8140,3747,1237,307,22895,0.00746887966804979,0.156497051758026,0.249399432190435,0.355536143262721,0.163660187813933,0.0540292640314479,0.0134090412753876,9464,0.41336536361651,13431,0.58663463638349
"E07000075",225,4168,7491,10486,4127,827,153,27477,0.00818866688503112,0.151690504785821,0.272628016158969,0.381628270917495,0.150198347708993,0.0300979000618699,0.00556829348182116,11884,0.432507187829821,15593,0.567492812170179
"E07000076",369,8312,14612,24414,10288,2340,792,61127,0.00603661229898408,0.135979190864921,0.2390433032866,0.399397974708394,0.168305331522895,0.0382809560423381,0.0129566312758683,23293,0.381059106450505,37834,0.618940893549495
"E07000077",301,7922,9140,9121,4228,1285,273,32270,0.00932754880694143,0.245491168267741,0.283235202974899,0.282646420824295,0.131019522776573,0.0398202665013945,0.00845986984815618,17363,0.538053920049582,14907,0.461946079950418
"E07000078",236,4824,17870,19185,6321,1121,277,49834,0.00473572259902878,0.0968013805835373,0.358590520528153,0.384978127382911,0.126841112493478,0.0224946823453867,0.00555845406750411,22930,0.46012762371072,26904,0.53987237628928
"E07000079",225,6262,9500,11786,7265,2214,576,37828,0.00594797504494026,0.165538754361848,0.2511367241197,0.311568150576293,0.19205350533996,0.0585280744422121,0.0152268161150471,15987,0.422623453526488,21841,0.577376546473512
"E07000080",226,4753,7525,9787,5673,2004,606,30574,0.00739190161575195,0.155458886635704,0.246124157781121,0.320108588997187,0.185549813567083,0.0655458886635703,0.0198207627395827,12504,0.408974946032577,18070,0.591025053967423
"E07000081",153,6403,18477,19102,5776,804,257,50972,0.00300164796358785,0.125617986345445,0.362493133485051,0.374754767323236,0.113317115278977,0.015773365769442,0.00504198383426195,25033,0.491112767794083,25939,0.508887232205917
"E07000082",323,7465,11862,15052,7011,1778,462,43953,0.00734875890155393,0.169840511455418,0.269879189133848,0.342456715127523,0.159511296157259,0.0404523013218665,0.0105112279025323,19650,0.44706845949082,24303,0.55293154050918
"E07000083",726,8873,11457,10929,3839,929,266,37019,0.0196115508252519,0.239687727923499,0.309489721494368,0.295226775439639,0.103703503606256,0.0250952213728086,0.00718549933817769,21056,0.568789000243118,15963,0.431210999756882
"E07000084",190,12082,27381,21170,5609,1094,292,67819,0.00280157477992893,0.178150665742638,0.4037364160486,0.312154411005765,0.0827054365295861,0.0161311726802224,0.00430557808283814,39653,0.584688656571167,28165,0.415296598298412
"E07000085",483,7980,14483,15192,5245,1303,366,45052,0.0107209446861405,0.177128651336234,0.32147296457427,0.337210334724319,0.116421024593803,0.0289221344224452,0.00812394566278967,22946,0.509322560596644,22106,0.490677439403356
"E07000086",394,10326,17863,17362,3838,498,118,50399,0.00781761542887756,0.204885017559872,0.354431635548324,0.344490962122264,0.0761523046092184,0.00988114843548483,0.00234131629595825,28583,0.567134268537074,21816,0.432865731462926
"E07000087",170,4488,13709,15208,3715,624,160,38074,0.00446498923149656,0.117875715711509,0.36006198455639,0.399432683721175,0.0975731470294689,0.0163891369438462,0.00420234280611441,18367,0.482402689499396,19707,0.517597310500604
"E07000088",84,2767,13305,12201,2858,637,128,31980,0.00262664165103189,0.0865228267667292,0.416041275797373,0.381519699812383,0.0893683552220138,0.0199186991869919,0.00400250156347717,16156,0.505190744215134,15824,0.494809255784866
"E07000089",164,6257,11944,11928,3207,598,115,34213,0.00479349954695584,0.182883699178675,0.349107064566101,0.348639406073715,0.0937362990676059,0.0174787361529243,0.00336129541402391,18365,0.536784263291731,15848,0.463215736708269
"E07000090",61,5748,16235,17695,4802,918,218,45677,0.00133546423801913,0.125840138362852,0.355430523020338,0.387394093307354,0.105129496245375,0.0200976421393699,0.00477264268669133,22044,0.48260612562121,23633,0.51739387437879
"E07000091",215,4981,22396,25867,8176,1775,475,63885,0.00336542224309306,0.0779682241527745,0.350567425843312,0.404899428660875,0.127979963997809,0.0277842999139078,0.00743523518822885,27592,0.43190107223918,36293,0.56809892776082
"E07000092",131,5594,14851,13409,3930,512,91,38518,0.0034010073212524,0.145230801183862,0.385559997923049,0.348122955501324,0.102030219637572,0.0132924866296277,0.00236253180331274,20576,0.534191806428163,17942,0.465808193571837
"E07000093",132,9630,15854,14734,5278,1229,302,47159,0.00279904154032104,0.204202803282512,0.33618185288068,0.312432409508259,0.111919251892534,0.0260607731292012,0.00640386776649208,25616,0.543183697703514,21543,0.456816302296486
"E07000094",585,9544,16264,14879,5163,1336,317,48088,0.0121651971385793,0.198469472633505,0.338213275661288,0.309411911495591,0.107365662951256,0.0277823989352853,0.00659208118449509,26393,0.548847945433372,21695,0.451152054566628
"E07000095",61,4012,12978,11944,3734,546,114,33389,0.00182694899517805,0.120159333912366,0.388690886220013,0.357722603252568,0.111833238491719,0.0163526910060199,0.00341429812213603,17051,0.510677169127557,16338,0.489322830872443
"E07000096",151,6630,22881,22008,6617,1037,199,59523,0.00253683450094921,0.111385514843002,0.38440602792198,0.369739428456227,0.111167111872721,0.0174218369369823,0.00334324546813837,29662,0.498328377265931,29861,0.501671622734069
"E07000098",46,4788,12933,13329,4279,603,139,36117,0.00127363845280616,0.13256915026165,0.358086219785696,0.36905058559681,0.118476063903425,0.0166957388487416,0.00384860315087078,17767,0.491929008500152,18350,0.508070991499848
"E07000099",166,6012,19873,19307,5970,1198,234,52760,0.00314632297194845,0.113949962092494,0.37666793025019,0.365940106141016,0.113153904473086,0.0227065959059894,0.00443517816527673,26051,0.493764215314632,26709,0.506235784685368
"E07000102",55,3388,10721,11346,4367,686,124,30687,0.0017922898947437,0.110405057516212,0.349366181119041,0.369733111741128,0.14230781764265,0.0223547430508033,0.00404079903542217,14164,0.461563528529996,16523,0.538436471470004
"E07000103",35,6850,12136,13635,4297,583,127,37663,0.000929294002070998,0.181876111833895,0.322226057403818,0.362026391949659,0.114090752197117,0.0154793829487826,0.00337200966465762,19021,0.505031463239784,18642,0.494968536760216
"E07000105",188,9240,17843,15586,5218,1220,369,49665,0.00378536192489681,0.186046511627907,0.359267089499648,0.31382261149703,0.105063928319742,0.0245645827041176,0.00742977952280278,27271,0.549098963052451,22393,0.450880902043693
"E07000106",343,7805,20208,22846,7464,1314,390,60370,0.00568162994864999,0.129286069239689,0.334735795925128,0.378432996521451,0.12363756832864,0.0217657777041577,0.00646016233228425,28356,0.469703495113467,32014,0.530296504886533
"E07000107",108,11036,13201,13396,3904,528,116,42289,0.00255385561257064,0.260966208706756,0.312161555014306,0.31677268320367,0.0923171510321833,0.0124855163281232,0.00274303010239069,24345,0.575681619333633,17944,0.424318380666367
"E07000108",129,6117,15277,17878,5817,1323,418,46959,0.00274707723759024,0.1302625694755,0.325326348516791,0.380715091888669,0.123874017760174,0.0281735130645883,0.00890138205668775,21523,0.458335995229881,25436,0.541664004770119
"E07000109",84,4452,12945,14197,4779,828,222,37507,0.00223958194470366,0.118697843069294,0.345135574692724,0.378516010344736,0.127416215639747,0.0220758791692217,0.00591889513957395,17481,0.466072999706721,20026,0.533927000293279
"E07000110",286,13190,22605,22166,6958,1327,341,66873,0.00427676341722369,0.197239543612519,0.338028800861334,0.331464118553078,0.10404797152812,0.0198435841071883,0.00509921792053594,36081,0.539545107891077,30792,0.460454892108923
"E07000111",98,3944,10926,14748,6122,1532,361,37731,0.00259733375738782,0.104529432032016,0.289576210543055,0.39087222708118,0.162253849619676,0.0406032175134505,0.00956772945323474,14968,0.396702976332459,22763,0.603297023667541
"E07000112",172,5316,15736,17140,6539,1411,482,46796,0.00367552782289085,0.113599452944696,0.336268057098897,0.366270621420634,0.139734165313275,0.0301521497563894,0.0103000256432174,21224,0.453543037866484,25572,0.546456962133516
"E07000113",318,8018,17797,19709,6419,1393,426,54080,0.0058801775147929,0.148261834319527,0.329086538461538,0.364441568047337,0.118694526627219,0.0257581360946746,0.00787721893491124,26133,0.483228550295858,27947,0.516771449704142
"E07000114",301,5559,20739,25498,8919,1590,505,63111,0.00476937459396936,0.0880829015544041,0.32861149403432,0.404018316933657,0.14132243190569,0.0251937063269478,0.00800177465101171,26599,0.421463770182694,36512,0.578536229817306
"E07000115",265,8140,14419,15341,5078,974,279,44496,0.00595559151384394,0.182937792161093,0.324051600143833,0.344772563825962,0.114122617763394,0.0218896080546566,0.00627022653721683,22824,0.51294498381877,21672,0.48705501618123
"E07000116",197,5880,13055,16078,7166,1609,392,44378,0.00443913650908108,0.132498084636532,0.294177295056109,0.362296633467033,0.161476407228807,0.0362567037721393,0.00883320564243544,19132,0.431114516201722,25245,0.568862950110415
"E07000117",94,2754,9789,16970,6608,1262,437,37914,0.00247929524713826,0.0726380756448805,0.258189586959962,0.447591918552514,0.174289180777549,0.0332858574668988,0.0115260853510577,12637,0.333306957851981,25277,0.666693042148019
"E07000118",279,6550,13888,15255,4107,838,229,41146,0.00678073202741457,0.159189228600593,0.337529772031303,0.370752928595732,0.0998152918874253,0.0203664997812667,0.00556554707626501,20717,0.503499732659311,20429,0.496500267340689
"E07000119",93,5774,8488,13481,5444,1054,302,34636,0.00268506755976441,0.166705162258921,0.245062940293336,0.389219309389075,0.157177503175886,0.0304307656773299,0.00871925164568657,14355,0.414453170112022,20281,0.585546829887978
"E07000120",24,1796,7764,14419,5532,988,433,30956,0.000775293965628634,0.0580178317612095,0.250807597880863,0.465790153766637,0.1787052590774,0.0319162682517121,0.0139875952965499,9584,0.309600723607701,21372,0.690399276392299
"E07000121",196,4702,15827,22679,8373,1787,636,54200,0.00361623616236162,0.0867527675276753,0.292011070110701,0.418431734317343,0.154483394833948,0.0329704797047971,0.0117343173431734,20725,0.382380073800738,33475,0.617619926199262
"E07000122",276,1990,8011,15492,7410,1591,540,35310,0.00781648258283772,0.0563579722458227,0.226876239025772,0.43874256584537,0.209855564995752,0.0450580572075899,0.0152931180968564,10277,0.291050693854432,25033,0.708949306145568
"E07000123",546,9394,20647,21348,6615,1302,419,60271,0.00905908314114582,0.155862686864329,0.342569394899703,0.354200195782383,0.109754276517728,0.0216024290288862,0.00695193376582436,30587,0.507491164905178,29684,0.492508835094822
"E07000124",102,4800,4816,8033,3345,900,244,22240,0.0045863309352518,0.215827338129496,0.216546762589928,0.361196043165468,0.150404676258993,0.0404676258992806,0.0109712230215827,9718,0.436960431654676,12522,0.563039568345324
"E07000125",73,1917,7868,11352,4549,854,258,26871,0.00271668341334524,0.0713408507312716,0.292806371180827,0.422462878195825,0.169290312976815,0.0317814744520115,0.0096014290499051,9858,0.366863905325444,17013,0.633136094674556
"E07000126",270,5522,12331,15548,4195,806,216,38888,0.00694301584036207,0.141997531372146,0.317090104916684,0.399814852910924,0.10787389426044,0.0207261880271549,0.00555441267228965,18123,0.466030652129192,20765,0.533969347870808
"E07000127",97,5273,14492,16204,4872,1255,434,42627,0.00227555305322917,0.123700940718324,0.339972318014404,0.380134656438408,0.114293757477655,0.0294414338330166,0.0101813404649635,19862,0.465948811785957,22765,0.534051188214043
"E07000128",132,5969,11071,17832,6428,1383,400,43215,0.00305449496702534,0.13812333680435,0.256184195302557,0.412634501909059,0.148744648848779,0.0320027768136064,0.00925604535462224,17172,0.397362027073933,26043,0.602637972926067
"E07000129",65,5666,8927,13576,4200,716,145,33295,0.00195224508184412,0.170175702057366,0.268118336086499,0.407748911247935,0.126145066826851,0.021504730440006,0.00435500825949842,14658,0.44024628322571,18637,0.55975371677429
"E07000130",193,11141,20308,22748,8526,1546,307,64769,0.00297982059318501,0.172011301702975,0.313545060136794,0.351217403387423,0.131637048588059,0.0238694437153577,0.00473992187620621,31642,0.488536182432954,33127,0.511463817567046
"E07000131",163,8848,10370,11925,4267,1083,252,36908,0.00441638669123225,0.239731223582963,0.280968895632383,0.323100682778801,0.115611791481522,0.0293432318196597,0.00682778801343882,19381,0.525116505906579,17527,0.474883494093421
"E07000132",170,6480,12880,15499,5771,1126,234,42160,0.00403225806451613,0.153700189753321,0.30550284629981,0.367623339658444,0.13688330170778,0.026707779886148,0.00555028462998102,19530,0.463235294117647,22630,0.536764705882353
"E07000133",96,3187,4946,7167,3539,877,258,20070,0.00478325859491779,0.158794220229198,0.246437468858994,0.357100149476831,0.17633283507723,0.0436970602889885,0.0128550074738416,8229,0.410014947683109,11841,0.589985052316891
"E07000134",162,8823,11242,14838,5202,1192,333,41792,0.00387633996937213,0.211116960183767,0.268998851454824,0.355044027565084,0.124473583460949,0.0285222052067381,0.00796803215926493,20227,0.483992151607963,21565,0.516007848392037
"E07000135",96,2245,4741,8466,2972,433,65,19018,0.00504784940582606,0.118046061625828,0.249290146177306,0.445157219476286,0.156273004522032,0.0227679040908613,0.00341781470186139,7082,0.37238405720896,11936,0.62761594279104
"E07000136",150,4016,8669,10203,4074,1057,299,28468,0.00526907404805396,0.141070675846565,0.304517352817198,0.35840241674863,0.143108051145145,0.0371294084586202,0.0105030209357876,12835,0.450857102711817,15633,0.549142897288183
"E07000137",321,6344,15948,22922,11091,3497,1154,61278,0.00523842161950455,0.103528183034694,0.260256535787722,0.374065733215836,0.180994810535592,0.0570677894187147,0.0188322073174712,22613,0.36902314044192,38664,0.630960540487614
"E07000138",67,3280,14984,16299,4464,561,118,39773,0.0016845598773037,0.0824680059336736,0.376737988082367,0.409800618510045,0.112236944660951,0.0141050461368265,0.00296683679883338,18331,0.460890553893345,21442,0.539109446106655
"E07000139",316,7913,13394,16703,5340,1428,387,45481,0.00694795628943955,0.173984740880807,0.294496602977067,0.367252259185154,0.117411666410149,0.0313977265231635,0.00850904773421868,21623,0.475429300147314,23858,0.524570699852686
"E07000140",353,5937,9625,15250,5306,1507,440,38418,0.00918840127023791,0.154536935811338,0.250533604039773,0.39694934666042,0.138112343172471,0.0392264042896559,0.0114529647561039,15915,0.414258941121349,22503,0.585741058878651
"E07000141",268,7783,20119,21830,8535,2031,470,61036,0.00439085130087162,0.127514909233895,0.329625139262075,0.357657775738908,0.139835506913952,0.0332754440002621,0.00770037355003604,28170,0.461530899796841,32866,0.538469100203159
"E07000142",291,5580,12417,13770,5628,1414,401,39501,0.00736690210374421,0.141262246525404,0.314346472241209,0.348598769651401,0.1424774056353,0.0357965621123516,0.0101516417305891,18288,0.462975620870358,21213,0.537024379129642
"E07000143",905,7854,16085,19147,8246,2036,451,54724,0.0165375338060083,0.143520210510928,0.293929537314524,0.349883049484687,0.150683429573862,0.0372048826840143,0.00824135662597763,24844,0.45398728163146,29880,0.54601271836854
"E07000144",746,7557,12204,18498,5980,1368,288,46641,0.0159945112669111,0.162024827941082,0.261658197723033,0.396603846401235,0.128213374498831,0.0293304174438798,0.00617482472502734,20507,0.439677536931026,26134,0.560322463068974
"E07000145",111,3375,13292,14354,5867,2018,732,39749,0.00279252308234169,0.0849077964225515,0.334398349644016,0.361116002918312,0.147601197514403,0.0507685727942841,0.0184155576240912,16778,0.422098669148909,22971,0.577901330851091
"E07000146",270,6005,18194,23352,12228,3717,960,64726,0.00417143033711337,0.0927757006457992,0.281092605753484,0.360782374934339,0.188919445045268,0.0574266909742607,0.0148317523097364,24469,0.378039736736397,40257,0.621960263263604
"E07000147",213,3861,11066,17577,9159,3203,1006,46085,0.00462189432570251,0.0837799717912553,0.240121514592601,0.381403927525225,0.198741456005208,0.0695020071606813,0.0218292285993273,15140,0.328523380709558,30945,0.671476619290442
"E07000148",53,5136,26952,23433,6393,764,180,62911,0.0008424599831508,0.0816391410087266,0.428414744639252,0.372478580852315,0.101619748533643,0.0121441401344757,0.00286118484843668,32141,0.51089634563113,30770,0.48910365436887
"E07000149",935,11821,14605,16755,7730,2089,494,54429,0.0171783424277499,0.217182016939499,0.268331220489078,0.307832221793529,0.142019879108563,0.03838027522093,0.00907604402065076,27361,0.502691579856327,27068,0.497308420143673
"E07000170",165,5386,18080,18076,6392,1247,248,49594,0.00332701536476187,0.108601846997621,0.364560229059967,0.364479574142033,0.128886558857926,0.0251441706658063,0.0050006049118845,23631,0.476489091422349,25963,0.52351090857765
"E07000171",126,6916,14742,18407,6543,1730,451,48915,0.00257589696412144,0.141388122252888,0.301379944802208,0.376305836655423,0.13376264949402,0.0353674741899213,0.00922007564141879,21784,0.445343964019217,27131,0.554656035980783
"E07000172",84,3346,11142,17386,6635,1208,195,39996,0.0021002100210021,0.0836583658365837,0.278577857785779,0.434693469346935,0.165891589158916,0.0302030203020302,0.00487548754875488,14572,0.364336433643364,25424,0.635663566356636
"E07000173",229,4870,12813,17673,7108,1369,173,44235,0.00517689612297954,0.110093817113146,0.289657511020685,0.399525262800949,0.160687238611959,0.0309483440714366,0.00391093025884481,17912,0.40492822425681,26323,0.59507177574319
"E07000174",138,4258,14321,16199,5214,834,130,41094,0.00335815447510585,0.103616099673918,0.348493697376746,0.394193799581447,0.126879836472478,0.0202949335669441,0.00316347885336059,18717,0.45546795152577,22377,0.54453204847423
"E07000175",276,7312,14742,17960,6578,1506,318,48692,0.00566828226402694,0.150168405487554,0.302760207015526,0.368849092253348,0.135094060625976,0.0309291053971905,0.00653084695637887,22330,0.458596894767108,26362,0.541403105232892
"E07000176",354,8490,12930,15759,6217,1328,239,45319,0.00781129327655067,0.187338643835919,0.285310796796046,0.347734945607802,0.137183079944394,0.0293033826871732,0.00527372625168252,21774,0.480460733908515,23543,0.519495134491052
"E07000177",768,12660,19868,18505,6186,1493,350,59830,0.0128363697141902,0.211599532007354,0.33207421026241,0.309292996824336,0.103392946682266,0.0249540364365703,0.00584990807287314,33296,0.556510111983955,26534,0.443489888016045
"E07000178",345,5578,24603,20818,6336,792,198,58670,0.00588034770751662,0.095074143514573,0.419345491733424,0.354832111811829,0.107993863985001,0.0134992329981251,0.00337480824953128,30526,0.520299982955514,28144,0.479700017044486
"E07000179",260,11647,14550,18153,7047,1787,409,53853,0.00482795758824949,0.21627393088593,0.270179934265501,0.33708428499805,0.130856219709208,0.0331829238853917,0.0075947486676694,26457,0.49128182273968,27396,0.50871817726032
"E07000180",465,14282,16654,16349,5467,1206,287,54711,0.00849920491308878,0.261044396922008,0.304399480908775,0.29882473360019,0.0999250607738846,0.0220430991939464,0.00524574582807845,31401,0.573943082743872,23309,0.426038639396099
"E07000181",169,8881,14550,13196,5803,1478,397,44474,0.00379997301794307,0.19968970634528,0.327157440302199,0.296712686063768,0.130480730314341,0.0332329001214193,0.00892656383504969,23600,0.530647119665423,20874,0.469352880334578
"E07000192",121,5215,11507,15773,4413,636,149,37814,0.00319987306288676,0.137911884487227,0.304305283757339,0.41712064314804,0.11670280848363,0.016819167504099,0.00394033955677791,16843,0.445417041307452,20971,0.554582958692548
"E07000193",211,7702,14282,16491,6613,1677,488,47464,0.00444547446485758,0.162270352266981,0.300901736052587,0.347442272037755,0.13932664756447,0.0353320411259059,0.0102814764874431,22195,0.467617562784426,25269,0.532382437215574
"E07000194",101,6476,11948,13403,4443,965,260,37596,0.00268645600595808,0.172252367273114,0.317799765932546,0.356500691562932,0.118177465687839,0.0256676242153421,0.00691562932226833,18525,0.492738589211618,19071,0.507261410788382
"E07000195",104,4435,13237,17668,6086,1063,255,42848,0.00242718446601942,0.103505414488424,0.308929238237491,0.412341299477222,0.142036967886482,0.0248086258401792,0.00595126960418223,17776,0.414861837191934,25072,0.585138162808066
"E07000196",125,4148,9977,13727,4521,1040,298,33836,0.00369429010521338,0.122591322851401,0.294863459037711,0.405692162194113,0.133615084525358,0.0307364936753753,0.0088071876108287,14250,0.421149071994326,19586,0.578850928005674
"E07000197",253,7949,14153,18840,6380,1608,429,49612,0.00509957268402806,0.160223333064581,0.285273724099008,0.379746835443038,0.128597919858099,0.0324115133435459,0.00864710150769975,22355,0.450596629847618,27257,0.549403370152382
"E07000198",132,2212,6942,13827,5538,1692,649,30992,0.00425916365513681,0.0713732576148683,0.223993288590604,0.446147392875581,0.178691275167785,0.0545947341249355,0.0209408879710893,9286,0.299625709860609,21706,0.700374290139391
"E07000199",29,3961,8950,10396,2785,396,102,26619,0.00108944738720463,0.148803486231639,0.336226003982118,0.390548104737218,0.104624516322927,0.0148765919080356,0.00383184943085766,12940,0.486118937600962,13679,0.513881062399038
"E07000200",274,5388,9799,11431,5247,1605,369,34113,0.00803212851405622,0.157945651218011,0.287251194559259,0.335092193591886,0.153812329610412,0.0470495119162782,0.0108169905900976,15461,0.453228974291326,18652,0.546771025708674
"E07000202",136,5458,21127,20948,6605,1102,311,55687,0.00244222170344964,0.0980121033634421,0.379388367123386,0.376173972381346,0.118609370230036,0.0197891788029522,0.00558478639538851,26721,0.479842692190278,28966,0.520157307809722
"E07000203",384,8715,10507,11742,5584,1869,493,39294,0.00977248434875553,0.221789586196366,0.267394513157225,0.29882424797679,0.14210820990482,0.0475645136662086,0.0125464447498346,19606,0.498956583702346,19688,0.501043416297654
"E07000207",98,6222,17001,18661,7315,1324,238,50859,0.00192689592795769,0.122338229221967,0.334277119093966,0.366916376649167,0.143829017479699,0.0260327572307753,0.00467960439646867,23321,0.45854224424389,27538,0.54145775575611
"E07000208",36,2991,8112,9774,4272,647,96,25928,0.00138846035174329,0.115357914224005,0.312866399259488,0.376966985498303,0.164763961740204,0.0249537179882752,0.0037025609379821,11139,0.429612773835236,14789,0.570387226164764
"E07000209",373,5794,16525,18820,7040,1264,275,50091,0.00744644746561259,0.115669481543591,0.329899582759378,0.375716196522329,0.14054420953864,0.0252340739853467,0.00549000818510311,22692,0.453015511768581,27399,0.546984488231419
"E07000210",75,3069,9455,11377,5312,1097,243,30628,0.0024487397152932,0.100202429149798,0.308704453441296,0.371457489878542,0.173436071568499,0.0358168995690218,0.00793391667754995,12599,0.411355622306386,18029,0.588644377693614
"E07000211",205,8182,19927,18280,7132,1221,218,55165,0.0037161243542101,0.148318680322668,0.361225414665096,0.331369527780295,0.129284872654763,0.0221335992023928,0.00395178102057464,28314,0.513260219341974,26851,0.486739780658026
"E07000212",89,5050,10498,11459,4251,821,264,32432,0.00274420325604341,0.155710409472126,0.323692649235323,0.353323877651702,0.131074247656635,0.0253145041933892,0.00814010853478046,15637,0.482147261963493,16795,0.517852738036507
"E07000213",83,3823,13715,15097,4942,778,178,38616,0.00214936813755956,0.0990004143360265,0.355163662730474,0.390951937020924,0.127978040190595,0.0201470892894137,0.00460948829500725,17621,0.45631344520406,20995,0.54368655479594
"E07000214",80,3442,10859,12260,3472,512,122,30747,0.00260187985819755,0.111945880898949,0.35317266725209,0.398738088268774,0.112921585845774,0.0166520310924643,0.00396786678375126,14381,0.467720428009237,16366,0.532279571990763
"E07000215",217,3862,8470,10651,4497,1011,233,28941,0.00749801319926748,0.13344390311323,0.292664386164956,0.368024601776027,0.155385093811548,0.0349331398362185,0.00805086209875264,12549,0.433606302477454,16392,0.566393697522546
"E07000216",327,5971,13406,16751,6833,1468,325,45081,0.00725361016836361,0.132450478028438,0.297375834608815,0.371575608349415,0.151571615536479,0.0325636077283113,0.0072092455801779,19704,0.437079922805617,25377,0.562920077194383
"E07000217",167,5175,14786,14635,4185,669,110,39727,0.00420369018551615,0.130264052155964,0.372190198102046,0.368389256676819,0.105343972613084,0.0168399325395827,0.00276889772698668,20128,0.506657940443527,19599,0.493342059556473
"E07000218",128,2761,6127,9214,3787,797,255,23069,0.00554857167627552,0.119684424985912,0.26559452078547,0.399410464259396,0.164159694828558,0.0345485283280593,0.0110537951363301,9016,0.390827517447657,14053,0.609172482552343
"E07000219",316,8077,13045,19198,6446,932,210,48224,0.00655275381552754,0.167489216987392,0.270508460517585,0.398100530856005,0.133667883211679,0.0193264764432648,0.00435467816854678,21438,0.444550431320504,26786,0.555449568679496
"E07000220",403,8868,12988,13962,4613,841,202,41877,0.0096234209709387,0.211763020273659,0.310146381068367,0.333404971702844,0.110155932850968,0.0200826229195024,0.00482365021372114,22259,0.531532822312964,19618,0.468467177687036
"E07000221",383,12342,15951,16561,7765,2317,651,55970,0.00684295158120422,0.220510988029301,0.28499195997856,0.295890655708415,0.138735036626764,0.0413971770591388,0.011631231016616,28676,0.512345899589066,27294,0.487654100410934
"E07000222",630,9551,18816,21903,7459,1362,288,60009,0.0104984252362146,0.159159459414421,0.313552967054942,0.364995250712393,0.124298021963372,0.0226965955106734,0.0047992801079838,28997,0.483210851705577,31012,0.516789148294422
"E07000223",68,2024,7004,9932,3049,499,124,22700,0.00299559471365639,0.0891629955947137,0.308546255506608,0.437533039647577,0.13431718061674,0.0219823788546256,0.00546255506607929,9096,0.400704845814978,13604,0.599295154185022
"E07000224",502,9866,20394,25857,8816,1616,398,67449,0.00744266038043559,0.146273480703939,0.302361784459369,0.383356313659209,0.13070616317514,0.0239588429776572,0.00590075464424973,30762,0.456077925543744,36687,0.543922074456256
"E07000225",367,8129,14844,16032,7678,2390,709,50149,0.00731819178847036,0.162096951085764,0.295997926179984,0.319687331751381,0.153103750822549,0.0476579792219187,0.0141378691499332,23340,0.465413069054218,26809,0.534586930945782
"E07000226",46,4894,16277,12859,2259,247,55,36637,0.00125556131779349,0.133580806288725,0.4442776428201,0.350983977945793,0.0616589786281628,0.0067418183803259,0.00150121461910091,21217,0.579114010426618,15420,0.420885989573382
"E07000227",181,9933,15205,17657,6524,1707,413,51620,0.00350639287098024,0.192425416505231,0.294556373498644,0.342057342115459,0.126385122045719,0.0330685780705153,0.00800077489345215,25319,0.490488182874855,26301,0.509511817125145
"E07000228",335,11880,17740,18673,6359,1279,313,56579,0.00592092472472119,0.20997189770056,0.313543894377773,0.330034111596175,0.112391523356722,0.0226055603669206,0.00553208787712756,29955,0.529436716803054,26624,0.470563283196946
"E07000229",74,4063,13472,19200,7039,1165,260,45273,0.00163452830605438,0.0897444392905264,0.297572504583306,0.424093830760056,0.155478983058335,0.0257327767101805,0.00574293729154242,17609,0.388951472179886,27664,0.611048527820114
"E07000234",221,3819,9291,12517,4676,969,222,31715,0.00696831152451521,0.120416206842188,0.29295286142204,0.394671291187135,0.147438120763046,0.0305533659151821,0.00699984234589311,13331,0.420337379788743,18384,0.579662620211256
"E07000235",644,4810,7562,9911,5480,1805,529,30741,0.0209492209101851,0.156468559903712,0.245990696464006,0.322403305032367,0.178263556813376,0.0587163722715592,0.0172082886047949,13016,0.423408477277902,17725,0.576591522722098
"E07000236",47,3225,11272,11058,2790,423,94,28909,0.0016257912760732,0.111556954581618,0.389913175827597,0.382510636825902,0.0965097374520046,0.0146321214846588,0.00325158255214639,14544,0.503095921685288,14365,0.496904078314712
"E07000237",103,4549,14347,15711,5496,809,249,41264,0.00249612252811167,0.110241372625048,0.347688057386584,0.380743505234587,0.133191159364095,0.0196054672353625,0.00603431562621171,18999,0.460425552539744,22265,0.539574447460256
"E07000238",613,9583,13720,16324,6614,1796,534,49184,0.012463402732596,0.194839785296031,0.278952504879636,0.331896551724138,0.1344746258946,0.036515940143136,0.0108571893298634,23916,0.486255692908263,25268,0.513744307091737
"E07000239",163,3762,10814,14669,5720,1189,349,36666,0.00444553537337043,0.102601865488463,0.294932635138821,0.400070910380189,0.156002836415208,0.0324278623247695,0.00951835487917962,14739,0.401980036000655,21927,0.598019963999345
"E07000240",126,5678,19305,20125,6815,947,159,53155,0.00237042611231305,0.106819678299313,0.363183143636535,0.378609726272223,0.128209952027091,0.0178158216536544,0.00299125199887123,25109,0.472373248048161,28046,0.527626751951839
"E07000241",108,5575,21637,15160,3360,562,77,46479,0.00232363002646356,0.119946642569763,0.465522063727705,0.326168807418404,0.072290711934422,0.0120914821747456,0.00165666214849717,27320,0.587792336323931,19159,0.412207663676069
"E07000242",298,10176,16466,18030,6686,1405,325,53386,0.00558198778706028,0.19061177087626,0.308432922489042,0.337728992619788,0.125238826658675,0.0263177612108043,0.00608773835837111,26940,0.504626681152362,26446,0.495373318847638
"E07000243",96,2897,15921,12572,2477,192,28,34183,0.0028084135388936,0.0847497293976538,0.465757832840886,0.367785156364275,0.0724629201649943,0.0056168270777872,0.000819120615510634,18914,0.553315975777433,15269,0.446684024222567
"E07000244",404,10551,31889,37444,14205,3676,1046,99217,0.00407188284265801,0.106342663051695,0.321406613785944,0.377395002872492,0.14317102915831,0.037050102301017,0.0105425481520304,42844,0.431821159680297,56371,0.568158682483849
"E07000245",354,10625,24047,24992,9618,2208,490,72335,0.00489389645399876,0.146886016451234,0.33243934471556,0.34550355982581,0.13296467823322,0.0305246422893482,0.00677403746457455,35026,0.484219257620792,37308,0.515766917812954
"E08000001",221,8355,38232,40943,11901,2080,512,102244,0.00216149602910684,0.0817162865302609,0.373929032510465,0.400444035835844,0.116398028246156,0.0203434920386526,0.00500762880951449,46808,0.457806815069833,55436,0.542193184930167
"E08000002",167,4093,23248,30985,9180,1433,373,69479,0.00240360396666619,0.0589098864405072,0.334604700700931,0.445962089264382,0.132126253976022,0.0206249370313332,0.00536852862015861,27508,0.395918191108105,41971,0.604081808891895
"E08000003",486,35900,102887,80443,23523,3243,880,247362,0.00196473185048633,0.14513142681576,0.415936966874459,0.325203547836774,0.0950954471584156,0.0131103403109613,0.00355753915314398,139273,0.563033125540706,108089,0.436966874459294
"E08000004",235,6337,27059,33568,10080,1630,429,79338,0.0029620106380297,0.0798734528221029,0.341059769593385,0.423101162116514,0.127051349920593,0.0205450099573975,0.00540724495197762,33631,0.423895233053518,45707,0.576104766946482
"E08000005",134,8578,32123,30811,8336,1393,406,81781,0.00163852239517736,0.104889888849488,0.392792947017033,0.376750100879177,0.101930766314914,0.0170332962424035,0.00496447830180604,40835,0.499321358261699,40946,0.500678641738301
"E08000006",524,28020,54511,34836,10360,1482,550,130283,0.00402201361651175,0.215070270104311,0.418404550094794,0.267387149512983,0.0795192005096597,0.0113752369841038,0.00422157917763638,83055,0.637496833815617,47228,0.362503166184383
"E08000007",208,7723,29949,45101,15204,2473,496,101154,0.00205627063685074,0.0763489333096071,0.296073313956937,0.445864721118295,0.150305474820571,0.0244478715621725,0.00490341459556715,37880,0.374478517903395,63274,0.625521482096605
"E08000008",128,6923,32781,34206,9111,1464,409,85022,0.00150549269600809,0.0814259838630002,0.38555903178001,0.402319399684787,0.107160499635388,0.0172190727105926,0.00481051963021336,39832,0.468490508339018,45190,0.531509491660982
"E08000009",68,7209,25095,34622,11938,2022,425,81379,0.00083559640693545,0.0885855073176127,0.308371938706546,0.425441452954693,0.146696322146991,0.0248467049238747,0.00522247754334656,32372,0.397793042431094,49007,0.602206957568906
"E08000010",339,14529,37269,47134,13024,2186,531,115013,0.00294749289210785,0.126324850234321,0.3240416300766,0.409814542703868,0.11323937294045,0.0190065470859816,0.00461686939737247,52137,0.453313973203029,62875,0.546677332127673
"E08000011",160,10265,30552,18791,4877,868,321,65834,0.0024303551356442,0.155922471671173,0.464076313151259,0.285430020961813,0.0740802624783547,0.0131846766108698,0.00487589999088617,40977,0.622429139958076,24857,0.377570860041924
"E08000012",473,24695,87341,75895,24605,4707,1982,219698,0.00215295542062285,0.112404300448798,0.397550273557338,0.34545148339994,0.111994647197517,0.0214248650420122,0.00902147493377272,112509,0.512107529426759,107189,0.487892470573241
"E08000013",87,6958,26227,29844,7382,1193,393,72084,0.00120692525387048,0.0965262749015038,0.363839409577715,0.414016980189779,0.102408301426114,0.0165501359524999,0.0054519726985184,33272,0.461572609733089,38812,0.538427390266911
"E08000014",209,9175,33891,41230,15945,3302,1087,104839,0.0019935329409857,0.0875151422657599,0.323267104798787,0.39326968017627,0.152090348057498,0.0314959127805492,0.0103682789801505,43275,0.412775780005532,61564,0.587224219994468
"E08000015",218,9118,37271,51823,19552,3352,1033,122367,0.00178152606503387,0.0745135534907287,0.304583752155401,0.423504703065369,0.159781640474965,0.0273930062843741,0.0084418184641284,46607,0.380878831711164,75760,0.619121168288836
"E08000016",377,11319,31717,41558,10985,1652,391,97999,0.00384697803038807,0.115501178583455,0.32364615965469,0.424065551689303,0.112092980540618,0.0168573148705599,0.00398983663098603,43413,0.442994316268533,54586,0.557005683731467
"E08000017",271,13263,34498,50928,15618,2598,724,117900,0.00229855810008482,0.112493638676845,0.292603901611535,0.431959287531807,0.132468193384224,0.0220356234096692,0.00614079728583545,48032,0.407396098388465,69868,0.592603901611535
"E08000018",373,9804,31195,37955,11010,1841,410,92594,0.00402833876925071,0.105881590599823,0.336900879106638,0.409907769401905,0.118906192625872,0.0198824977860337,0.00442793269542303,41372,0.446810808475711,51216,0.553124392509234
"E08000019",656,20260,75107,78441,27480,4244,906,207094,0.00316764367871595,0.0978299709310748,0.362671057587376,0.378770027137435,0.13269336629743,0.0204931094092538,0.0043748249587144,96023,0.463668672197167,111071,0.536331327802834
"E08000021",580,14953,43983,44830,11223,1280,215,117064,0.00495455477345725,0.127733547461218,0.37571755620857,0.382952914644981,0.0958706348663979,0.0109341898448712,0.00183660220050571,59516,0.508405658443245,57548,0.491594341556755
"E08000022",424,9208,32862,31219,7221,959,163,82056,0.00516720288583406,0.112216047577264,0.400482597250658,0.380459686068051,0.0880008774495467,0.0116871404894219,0.00198644827922394,42494,0.517865847713756,39562,0.482134152286244
"E08000023",143,5158,23723,27044,5600,653,117,62438,0.00229027194977418,0.0826099490694769,0.379944905346103,0.43313366859925,0.089688971459688,0.01045837470771,0.00187385886799705,29024,0.464845126365354,33414,0.535154873634646
"E08000024",723,13001,39708,45541,11470,1351,312,112106,0.00644925338518902,0.115970599254277,0.354200488823078,0.4062316022336,0.102313881505004,0.0120510944998484,0.00278308029900273,53432,0.476620341462544,58674,0.523379658537456
"E08000025",997,39751,123717,168769,68413,11392,3423,416462,0.00239397592097238,0.0954492846886391,0.297066719172458,0.405244656175113,0.164271890352541,0.0273542364009201,0.00821923728935653,164465,0.394909979782069,251997,0.605090020217931
"E08000026",402,13228,40736,53525,17055,2607,638,128191,0.00313594558120305,0.103189771512821,0.317775818895242,0.417541013019635,0.133043661411488,0.0203368411198914,0.00497694845972026,54366,0.424101535989266,73825,0.575898464010734
"E08000027",228,7824,38762,51403,15879,2646,694,117436,0.00194148302053885,0.0666235225995436,0.330069144044416,0.437710753091045,0.135214074048844,0.0225314213699377,0.00590960182567526,46814,0.398634149664498,70622,0.601365850335502
"E08000028",225,9020,38450,46273,15590,2453,795,112806,0.00199457475666188,0.0799602858004007,0.340850663971775,0.410199812066734,0.138201868694928,0.0217452972359626,0.00704749747353864,47695,0.422805524528837,65111,0.577194475471163
"E08000029",200,8636,24138,29521,9734,1615,348,74192,0.00269570843217598,0.116400690101359,0.325345050679319,0.397900043131335,0.131200129394005,0.021767845589821,0.0046905326719862,32974,0.444441449212853,41218,0.555558550787147
"E08000030",314,9168,31473,38348,13138,2044,543,95030,0.00330421972008839,0.0964747974323898,0.331190150478796,0.403535725560349,0.138251078606756,0.021508997158792,0.00571398505735031,40955,0.430969167631274,54073,0.569009786383247
"E08000031",598,7149,29922,36767,13677,2470,664,91248,0.00655356829738734,0.0783469226722777,0.327919516044187,0.402934858846221,0.149888216728038,0.0270690864457303,0.00727687182184815,37669,0.412820007013852,53578,0.587169033841838
"E08000032",261,15196,54969,79701,37183,5610,2332,195252,0.00133673406674451,0.077827627886014,0.281528486263905,0.408195562657489,0.190435949439698,0.0287321000553131,0.011943539630836,70426,0.360692848216664,124826,0.639307151783336
"E08000033",146,5277,23855,33125,15727,2849,1194,82180,0.00177658797761012,0.064212703820881,0.290277439766366,0.403078607933804,0.191372596738866,0.0346678023850085,0.0145290825018253,29278,0.356266731564858,52895,0.643648089559504
"E08000034",479,12886,45980,62370,21428,3777,1279,148199,0.00323214056775012,0.08695065418795,0.310258503768581,0.420853042193267,0.144589369698851,0.0254860019298376,0.00863028765376285,59345,0.400441298524282,88854,0.599558701475718
"E08000035",1209,34045,107619,125864,43284,7343,2356,321720,0.00375792614696009,0.105821832649509,0.334511376352107,0.391222180778317,0.134539350988437,0.0228241949521323,0.00732313813253761,142873,0.444091135148576,178847,0.555908864851424
"E08000036",1156,17931,47304,71404,14354,2307,553,155009,0.00745763149236496,0.115677154229754,0.305169377261965,0.460644220658155,0.0926010747763033,0.0148830067931539,0.00356753478830261,66391,0.428304162984085,88618,0.571695837015915
"E08000037",103,5974,28026,31195,7448,973,190,73909,0.00139360565019145,0.0808291277111042,0.379196038371511,0.422073089880799,0.10077257167598,0.013164837841129,0.0025707288692852,34103,0.461418771732807,39806,0.538581228267193
"E09000001",4,1836,2753,1717,664,114,58,7146,0.000559753708368318,0.256926952141058,0.385250489784495,0.2402742793171,0.0929191155891408,0.0159529806884971,0.00811642877134061,4593,0.642737195633921,2553,0.357262804366079
"E09000002",266,14816,19881,30120,7361,769,208,73421,0.00362294166519116,0.201795126734858,0.270780839269419,0.410236853216382,0.100257419539369,0.0104738426335789,0.00283297694120211,34963,0.476198907669468,38458,0.523801092330532
"E09000003",489,25240,49977,54569,18552,2715,541,152083,0.00321534951309482,0.165962007587962,0.328616610666544,0.358810649447999,0.121986020791278,0.0178520939223976,0.00355726807072454,75706,0.497793967767601,76377,0.502206032232399
"E09000004",278,7362,23083,34886,12260,1716,390,79975,0.00347608627696155,0.0920537668021257,0.288627696155048,0.436211316036261,0.153297905595499,0.0214567052203814,0.00487652391372304,30723,0.384157549234136,49252,0.615842450765864
"E09000005",112,23540,35848,41792,11911,1447,434,115084,0.000973202182753467,0.204546244482291,0.311494212922735,0.363143443050294,0.103498314274791,0.0125734246289667,0.00377115845816968,59500,0.517013659587779,55584,0.482986340412221
"E09000006",209,10026,36839,47359,18374,2829,608,116245,0.00179792679255022,0.0862488709191793,0.316908254118457,0.407406770183664,0.158062712374726,0.0243365306034668,0.00523033248741881,47074,0.404955051830186,69170,0.595036345649275
"E09000007",85,12552,42102,35616,9918,1320,355,101948,0.000833758386628477,0.123121591399537,0.412975242280378,0.349354572919528,0.0972848903362498,0.0129477772982305,0.00348216737944835,54739,0.536930592066544,47209,0.463069407933456
"E09000008",344,19852,43932,55988,20279,2880,681,143957,0.00238960245073182,0.137902290267233,0.30517446181846,0.388921691894107,0.140868453774391,0.0200059740061268,0.00473057927019874,64128,0.445466354536424,79828,0.554526698944824
"E09000009",213,21620,43180,50208,14441,1812,553,132027,0.00161330636915176,0.163754383573057,0.327054314647761,0.380285850621464,0.109379142145167,0.0137244654502488,0.00418853719314989,65013,0.49242200458997,67014,0.50757799541003
"E09000010",187,9536,35635,49233,15809,2146,556,113102,0.00165337482979965,0.0843132747431522,0.315069583208078,0.435297342222065,0.139776484942795,0.0189740234478612,0.00491591660624923,45358,0.40103623278103,67744,0.598963767218971
"E09000011",441,27273,37479,34589,9747,1261,319,111109,0.00396907541243284,0.245461663771612,0.337317409030772,0.311306914831382,0.0877246667686686,0.0113492156350971,0.00287105455003645,65193,0.586748148214816,45916,0.413251851785184
"E09000012",174,21380,47277,31519,7820,1136,483,109789,0.00158485822805563,0.194737177677181,0.430616910619461,0.287087048793595,0.0712275364562934,0.0103471203854667,0.00439934783994754,68831,0.626938946524697,40958,0.373061053475303
"E09000013",35,13630,37163,34236,8677,996,348,95085,0.000368091707419677,0.143345427775149,0.390839774938213,0.360056791292002,0.0912551927223011,0.0104748383025714,0.00365988326234422,50828,0.534553294420781,44257,0.465446705579219
"E09000014",93,12393,37611,45654,13168,1532,469,110920,0.000838442120447169,0.111729174179589,0.339082221420844,0.411593941579517,0.118716191849982,0.0138117562206996,0.00422827262892175,50097,0.45164983772088,60823,0.54835016227912
"E09000015",174,10231,23971,32231,10851,1655,336,79449,0.00219008420496167,0.12877443391358,0.301715565960553,0.405681632242067,0.13657818223011,0.0208309733288021,0.00422912811992599,34376,0.432680084079095,45073,0.567319915920905
"E09000016",140,10708,22697,35598,12940,1886,413,84382,0.00165912161361428,0.126899101704155,0.26897916617288,0.421867222867436,0.153350240572634,0.0223507383091181,0.00489440876016212,33545,0.39753738949065,50837,0.60246261050935
"E09000017",132,12659,32211,40547,12644,1677,382,100253,0.0013166688278655,0.126270535545071,0.321297118290724,0.4044467497232,0.126120914087359,0.0167276789722003,0.00381035978973198,45002,0.448884322663661,55250,0.551105702572492
"E09000018",219,15887,32767,33385,9894,1241,370,93763,0.00233567611957809,0.169437837953137,0.34946620735258,0.35605729338865,0.105521367703678,0.0132354980109425,0.00394611947143329,48873,0.521239721425296,44890,0.478760278574704
"E09000019",125,16035,43565,33001,7888,987,275,101877,0.00122696977728045,0.157395683029536,0.427623506777781,0.323929836960256,0.0774267008255053,0.0096881533614064,0.00269933351001698,59725,0.586246159584597,42151,0.413744024657185
"E09000020",23,6131,35654,33162,10897,1631,433,87931,0.000261568730026953,0.0697251253824021,0.405477021755695,0.377136618484948,0.123926715265379,0.0185486347249548,0.00492431565659438,41808,0.475463715868124,46123,0.524536284131876
"E09000021",86,5930,21509,24997,9885,1654,374,64435,0.00133467835803523,0.0920307286412664,0.333809265150927,0.38794133623031,0.153410413595096,0.0256692791184915,0.00580429890587414,27525,0.427174672150229,36910,0.572825327849771
"E09000022",141,18386,60134,55158,15277,1867,606,151570,0.000930263244705417,0.12130368806492,0.396740779837699,0.363911064194761,0.100791713399749,0.012317740977766,0.00399815266873392,78661,0.518974731147325,72908,0.481018671241011
"E09000023",101,17928,43798,47306,13322,1590,525,124570,0.000810789114554066,0.143919081640844,0.351593481576624,0.379754354981135,0.106943886971181,0.0127639078429799,0.00421449787268203,61827,0.496323352332022,62743,0.503676647667978
"E09000024",167,6994,28740,32964,10075,1420,409,80769,0.00206762495511892,0.0865926283598906,0.355829588084537,0.408126880362515,0.124738451633671,0.0175810026123884,0.00506382399187807,35901,0.444489841399547,44868,0.555510158600453
"E09000025",83,34908,41464,44197,9916,994,378,131940,0.000629073821433985,0.264574806730332,0.314264059420949,0.334978020312263,0.0751553736546915,0.00753372745187206,0.00286493860845839,76455,0.579467939972715,55485,0.420532060027285
"E09000026",148,7641,27558,40224,12513,1785,420,90289,0.00163918085259555,0.0846282492883962,0.305219904971813,0.445502774424348,0.138588310868434,0.0197698501478585,0.00465172944655495,35347,0.391487335112804,54942,0.608512664887196
"E09000027",172,4602,23883,30231,12131,1842,407,73268,0.00234754599552328,0.0628105039034776,0.325967680296992,0.412608505759677,0.16557023530054,0.0251405797892668,0.00555494895452312,28657,0.391125730195993,44611,0.608874269804007
"E09000028",178,28167,53076,38417,10951,1423,377,132589,0.00134249447540897,0.212438437577778,0.400304700993295,0.28974500147071,0.0825935786528294,0.0107324136994773,0.00284337313050102,81421,0.614085633046482,51168,0.385914366953518
"E09000029",265,7051,24157,26548,10531,1676,351,70579,0.00375465790107539,0.0999022372093682,0.34226894685388,0.376145879085847,0.149208688136698,0.0237464401592542,0.00497315065387722,31473,0.445925841964324,39106,0.554074158035676
"E09000030",305,54820,61850,28210,6237,671,206,152299,0.00200263954458007,0.359949835520916,0.406109035515663,0.185227742795422,0.040952337178839,0.00440580699807615,0.00135260244650326,116975,0.768061510581159,35324,0.231938489418841
"E09000031",151,11948,32644,43151,11775,1585,528,101782,0.00148356290896229,0.117388143286632,0.320724686093808,0.423955119765774,0.115688432139278,0.0155724980841406,0.00518755772140457,44743,0.439596392289403,57039,0.560403607710597
"E09000032",108,26777,56862,52392,14834,1859,543,153375,0.000704156479217604,0.174585167074165,0.370738386308068,0.34159413202934,0.0967171964140179,0.012120619396903,0.00354034229828851,83747,0.546027709861451,69628,0.453972290138549
"E09000033",108,16895,57886,40983,12306,1733,537,130448,0.000827916104501411,0.129515209125475,0.443747700233043,0.314171163988716,0.0943364405740218,0.013284987121305,0.00411658285293757,74889,0.57409082546302,55559,0.42590917453698
"W06000001",418,2194,7263,9430,6244,2922,1412,29883,0.0139878860890807,0.0734196700465147,0.243047886758358,0.315564033062276,0.208948231435933,0.0977813472542917,0.0472509453535455,9875,0.330455442893953,20008,0.669544557106047
"W06000002",476,2226,9173,14458,10118,5547,2735,44733,0.0106409138667203,0.0497619207296627,0.205061140545012,0.323206581271097,0.226186484251,0.124002414324995,0.0611405450115128,11875,0.265463975141395,32858,0.734536024858605
"W06000003",181,3521,12657,20091,8663,2603,1228,48944,0.00369810395554103,0.0719393592677346,0.258601667211507,0.410489539065054,0.176998202026806,0.0531832298136646,0.0250898986596927,16359,0.334239130434783,32585,0.665760869565217
"W06000004",463,2885,9047,14443,7181,2240,945,37204,0.0124448983980217,0.0775454252230943,0.24317277712074,0.388210945059671,0.193016879905387,0.0602085797226105,0.0254004945704763,12395,0.333163100741856,24809,0.666836899258144
"W06000005",460,7115,16438,19714,6953,1966,758,53404,0.00861358699722867,0.133229720620178,0.307804658827054,0.369148378398622,0.130196239982024,0.0368137218185904,0.0141936933563029,24013,0.449647966444461,29391,0.550352033555539
"W06000006",209,3934,16341,17063,5842,1395,510,45294,0.00461429769947454,0.0868547710513534,0.360776261756524,0.376716562900163,0.128979555791054,0.0307987812955358,0.0112597695058948,20484,0.452245330507352,24810,0.547754669492648
"W06000008",243,2008,6175,8569,6868,2849,1326,28038,0.00866680933019474,0.0716170910906627,0.220236821456595,0.305620943005921,0.244953277694557,0.10161209786718,0.0472929595548898,8426,0.300520721877452,19612,0.699479278122548
"W06000009",661,4412,12407,16332,9068,3510,1414,47804,0.0138272947870471,0.0922935319220149,0.259538950715421,0.341645050623379,0.189691239226843,0.0734248180068613,0.0295791147184336,17480,0.365659777424483,30324,0.634340222575517
"W06000010",747,5889,16221,23548,13284,5147,2035,66871,0.011170761615648,0.0880650805281811,0.242571518296421,0.352140688788862,0.198651134273452,0.0769690897399471,0.0304317267574883,22857,0.341807360440251,44014,0.658192639559749
"W06000011",384,8127,28411,34633,13671,2756,692,88674,0.00433046890858651,0.0916503146356316,0.320398312921488,0.390565441955928,0.154171459503349,0.0310801362293344,0.00780386584568194,36922,0.416379096465706,51752,0.583620903534294
"W06000012",396,3309,18062,18751,7382,1753,446,50099,0.00790434938821134,0.066049222539372,0.360526158206751,0.374278927723108,0.147348250464081,0.0349907183776123,0.00890237330086429,21767,0.434479730134334,28332,0.565520269865666
"W06000013",252,5853,17341,18884,6659,1205,323,50517,0.00498841973988954,0.115861987053863,0.343270582180256,0.373814755428866,0.131817012094938,0.0238533562959004,0.00639388720628699,23446,0.464120988974009,27071,0.535879011025991
"W06000014",355,7287,16688,18532,5795,1236,327,50220,0.00706889685384309,0.145101553166069,0.332297889287137,0.369016328156113,0.115392273994425,0.0246117084826762,0.00651135005973716,24330,0.484468339307049,25890,0.515531660692951
"W06000015",838,17285,55777,53795,15015,1860,499,145069,0.00577656149832149,0.119150197492228,0.384486003212265,0.370823539143442,0.103502471237825,0.0128214849485417,0.00343974246737759,73900,0.509412762202814,71169,0.490587237797186
"W06000016",500,6318,24992,37741,13370,2151,574,85646,0.00583798426079443,0.0737687691193984,0.291805805291549,0.440662727973285,0.156107699133643,0.0251150082899377,0.00670200593139201,31810,0.371412558671742,53836,0.628587441328258
"W06000018",326,4454,21750,24437,7988,1270,292,60517,0.00538691607316952,0.0735991539567394,0.359403142918519,0.403803889816085,0.131995968075086,0.0209858386899549,0.00482509047044632,26530,0.438389212948428,33987,0.561610787051572
"W06000019",144,1410,7036,10285,3594,497,134,23101,0.00623349638543786,0.061036318774079,0.304575559499589,0.44521882169603,0.155577680619887,0.0215142201636293,0.00580061469200467,8590,0.371845374659106,14510,0.628111337171551
"W06000020",165,3758,12504,11788,3290,464,107,32076,0.0051440329218107,0.117159246788876,0.389824167601945,0.367502182316997,0.102568898865195,0.0144656440952737,0.00333582740990148,16427,0.512127447312632,15649,0.487872552687367
"W06000021",287,4734,11651,10688,4437,1399,505,33701,0.00851606777246966,0.140470609180736,0.345716744310258,0.317141924571971,0.131657814308181,0.0415121213020385,0.0149847185543456,16672,0.494703421263464,17029,0.505296578736536
"W06000022",343,9230,22046,21995,6728,955,272,61569,0.005570985398496,0.149913105621335,0.358069807857851,0.357241468921048,0.109275771898196,0.0155110526401273,0.00441780766294726,31619,0.513553898877682,29950,0.486446101122318
"W06000023",590,3054,12520,16775,9533,4393,2089,48954,0.012052130571557,0.0623850962127712,0.255750296196429,0.342668627691302,0.194733831760428,0.08973730440822,0.0426727131592924,16164,0.330187522980757,32790,0.669812477019243
"W06000024",131,1562,8619,9506,2732,454,125,23129,0.00566388516580916,0.0675342643434649,0.372649055298543,0.410999178520472,0.118120108954127,0.0196290371395218,0.00540447057806217,10312,0.445847204807817,12817,0.554152795192183
,1423,26213,23838,13528,5303,1671,898,72875,0.0195265866209262,0.359698113207547,0.327108061749571,0.185632933104631,0.0727684391080617,0.0229296740994854,0.0123224699828473,51474,0.706332761578045,21400,0.293653516295026
